Nombre,Cedula,Email,Telefono,Pet_nombre,Pet_tipo
Waite Heffy,12643735,wheffy0@mapquest.com,+56 698 556 5764,Harley,Pez
Guenna Sterzaker,22912884,gsterzaker1@aol.com,+63 946 458 4352,Leo,Pez
Vanny Kemmons,18826506,vkemmons2@typepad.com,+86 807 646 6582,Leo,Pez
Stormi Josum,27868950,sjosum3@digg.com,+62 230 507 8214,Lily,Perro
Clarance Mullinger,30596440,cmullinger4@simplemachines.org,+63 638 308 4402,Milo,Pez
Crista Lorriman,24288671,clorriman5@trellian.com,+86 818 877 4080,Ivy,Conejo
Danni Dumbar,14148507,ddumbar6@parallels.com,+33 707 472 0820,Rusty,Gato
Addy Goldine,21355698,agoldine7@nba.com,+420 109 893 9331,Sammy,Conejo
Ola Spatari,31776557,ospatari8@squarespace.com,+62 391 664 7306,Willow,Conejo
Janaye Copping,20468077,jcopping9@ucoz.com,+256 395 876 9781,Penny,Pajaro
Haroun Prover,25131281,hprovera@howstuffworks.com,+84 198 436 7397,Max,Pez
Royall Killwick,20697858,rkillwickb@wisc.edu,+998 697 379 0443,Nala,Perro
Ashlen Farndale,13167084,afarndalec@admin.ch,+90 646 963 8396,Nova,Conejo
Falkner Ortler,24488213,fortlerd@kickstarter.com,+351 628 774 1269,Scout,Gato
Thea Ripsher,24574180,tripshere@nyu.edu,+351 559 903 9436,Lola,Perro
Zacharia Coldtart,23861832,zcoldtartf@mayoclinic.com,+33 244 438 5109,Chloe,Pajaro
Terrence De Few,31376589,tdeg@weather.com,+57 647 791 1111,Sadie,Conejo
Jody Polendine,20581954,jpolendineh@gmpg.org,+86 353 549 8364,Bella,Pez
Cathyleen Cawsby,20344233,ccawsbyi@archive.org,+86 150 644 3467,Pepper,Tortuga
Nobe Kenryd,16276251,nkenrydj@imgur.com,+972 300 575 3118,Lucy,Conejo
Elisha Peacop,28607420,epeacopk@huffingtonpost.com,+66 885 322 9674,Gus,Pajaro
Maxim Oda,14480210,modal@kickstarter.com,+380 699 696 1297,Cooper,Huron
Robers D'Alessandro,29848310,rdalessandrom@miitbeian.gov.cn,+358 436 599 7644,Milo,Gato
Caryl Torns,26390202,ctornsn@networkadvertising.org,+355 875 499 3167,Penny,Huron
Arturo Battison,15211853,abattisono@europa.eu,+383 862 332 0547,Bailey,Pajaro
Dougy O'Donovan,14934058,dodonovanp@last.fm,+46 612 531 6169,Stella,Gato
Lauree Kimbrey,22676121,lkimbreyq@people.com.cn,+7 117 884 3131,Sammy,Conejo
Adena MacCaull,16874340,amaccaullr@mlb.com,+63 721 476 3901,Charlie,Perro
Putnam Carhart,31740179,pcarharts@google.ca,+46 566 230 7624,Milo,Tortuga
Juana Bryden,13283132,jbrydent@yolasite.com,+1 903 308 9971,Zoe,Perro
Leo Bygrove,22915555,lbygroveu@angelfire.com,+86 536 958 3080,Sammy,Gato
Lexy Threlfall,18573254,lthrelfallv@hugedomains.com,+389 855 573 7981,Lola,Perro
Kimmie Struss,26463976,kstrussw@cnet.com,+598 129 630 6952,Zeus,Conejo
Alexia Baynon,12134373,abaynonx@mac.com,+233 535 484 7340,Lily,Gato
Ethelda Landes,17534225,elandesy@google.ru,+7 736 112 1254,Riley,Perro
Nikos Gounod,21289244,ngounodz@chronoengine.com,+62 811 205 4992,Scout,Perro
Nikolos Ackery,18468478,nackery10@naver.com,+961 560 698 9120,Pepper,Pajaro
Merrick Tideswell,14128369,mtideswell11@ocn.ne.jp,+86 219 378 3887,Pepper,Pez
Sully Costi,26895824,scosti12@constantcontact.com,+62 661 553 5552,Mia,Conejo
Miltie Rozzier,29147937,mrozzier13@etsy.com,+49 410 410 8282,Maggie,Huron
Wandie Venart,24571476,wvenart14@adobe.com,+62 404 204 9646,Willow,Perro
Cybill Riveles,16500734,criveles15@cbslocal.com,+86 322 607 6394,Coco,Perro
Marylou De Robertis,19790688,mde16@digg.com,+351 701 319 5965,Hazel,Pez
Rona Pettegre,31899846,rpettegre17@phpbb.com,+48 817 885 8404,Finn,Conejo
Ritchie Widmoor,28054315,rwidmoor18@sciencedaily.com,+264 750 434 2242,Rosie,Tortuga
Alvinia Androletti,15872185,aandroletti19@bravesites.com,+421 600 733 6660,Oliver,Huron
Lorelle Boerder,11301683,lboerder1a@mashable.com,+63 533 397 5284,Pepper,Pajaro
Gerianna Ickov,24238878,gickov1b@discovery.com,+63 381 757 9917,Cooper,Huron
Bernardina Mackinder,27953854,bmackinder1c@marriott.com,+86 786 879 2438,Gus,Pajaro
Neddy Torry,17927319,ntorry1d@zimbio.com,+60 697 709 1887,Willow,Huron
Irma Burchess,29293892,iburchess1e@gnu.org,+266 430 417 5452,Hazel,Tortuga
Sonny Brosh,17539024,sbrosh1f@meetup.com,+507 526 705 9633,Coco,Huron
Bord Wenderoth,24650429,bwenderoth1g@foxnews.com,+86 521 897 9327,Oliver,Perro
Reta Gregoli,15148165,rgregoli1h@live.com,+57 189 854 4617,Nala,Conejo
Arliene Ditter,13781545,aditter1i@mit.edu,+62 780 406 9610,Daisy,Pajaro
George Saxon,26868310,gsaxon1j@dell.com,+389 880 269 7844,Hazel,Pajaro
Berri Wesley,13663468,bwesley1k@latimes.com,+7 131 433 1365,Leo,Conejo
Jinny Willment,16703174,jwillment1l@zdnet.com,+504 130 991 6449,Sophie,Huron
Roselia Sickamore,14635349,rsickamore1m@dailymail.co.uk,+55 638 861 9107,Stella,Perro
Sloane Yegorshin,14066510,syegorshin1n@nih.gov,+48 618 566 8483,Marley,Perro
Jephthah Heinish,11053701,jheinish1o@bloglines.com,+98 962 951 1961,Pepper,Huron
Addi Gonoude,19500640,agonoude1p@springer.com,+236 344 627 6856,Ruby,Tortuga
Harry Harrie,12691504,hharrie1q@about.com,+86 627 240 4283,Ivy,Conejo
Erna Leggate,12599198,eleggate1r@yelp.com,+7 293 672 4828,Ivy,Perro
Morgun Matveiko,26739714,mmatveiko1s@infoseek.co.jp,+62 274 514 6943,Milo,Perro
Merrill Dutnall,30220831,mdutnall1t@intel.com,+51 598 233 7644,Rusty,Tortuga
Mace Warboy,28295078,mwarboy1u@chron.com,+34 829 636 1139,Molly,Perro
Evyn Wheelband,16416546,ewheelband1v@npr.org,+60 773 427 9472,Gus,Tortuga
Asher Eastway,16025708,aeastway1w@facebook.com,+351 325 573 3464,Winston,Perro
Alvin Langman,14211745,alangman1x@etsy.com,+60 355 947 4133,Pepper,Gato
Agneta Wark,12079746,awark1y@miibeian.gov.cn,+1 861 151 4854,Marley,Pez
Mattie Lutwidge,15095785,mlutwidge1z@ox.ac.uk,+48 744 243 7157,Tucker,Tortuga
Nikita Duding,22401297,nduding20@howstuffworks.com,+86 796 707 0803,Rusty,Pez
Millard Craig,12989930,mcraig21@purevolume.com,+351 501 553 9679,Mia,Conejo
Krista Gronaller,26052955,kgronaller22@deliciousdays.com,+1 513 106 9314,Winston,Tortuga
Claudetta Ornells,14420307,cornells23@gizmodo.com,+380 985 568 6551,Sadie,Pajaro
Leslie Draisey,12235738,ldraisey24@github.io,+237 372 181 2516,Nova,Huron
Myrtia Josephson,12596211,mjosephson25@buzzfeed.com,+63 254 640 2990,Lucy,Tortuga
Darrel Snelgar,26634948,dsnelgar26@phpbb.com,+48 678 488 8137,Riley,Conejo
Ines Occleshaw,31466034,ioccleshaw27@mapy.cz,+86 962 329 5195,Nova,Gato
Lenee Dudgeon,27352669,ldudgeon28@businesswire.com,+55 784 133 1146,Maggie,Pajaro
Roby De Paepe,16006244,rde29@chron.com,+62 754 747 4082,Riley,Perro
Sande Bever,15019854,sbever2a@github.io,+1 785 383 9893,Gus,Pez
Thekla Cruddas,16196828,tcruddas2b@forbes.com,+81 725 229 5807,Stella,Huron
Cyndia MacComiskey,19224576,cmaccomiskey2c@independent.co.uk,+31 118 917 6442,Lola,Gato
Mitchel Gutowski,25210282,mgutowski2d@upenn.edu,+86 481 720 4901,Zoe,Pajaro
Walsh Cullotey,24541697,wcullotey2e@loc.gov,+86 107 861 9677,Jax,Gato
Tommie Francisco,16680954,tfrancisco2f@canalblog.com,+86 538 514 3445,Jax,Gato
Ansley Ughelli,11242900,aughelli2g@bravesites.com,+420 470 906 9924,Lily,Perro
Aggy Talkington,22877482,atalkington2h@bluehost.com,+7 433 273 5425,Ruby,Pajaro
Linnea Witcomb,11791299,lwitcomb2i@gravatar.com,+55 415 431 8203,Pepper,Tortuga
Sile Miroy,18722488,smiroy2j@cisco.com,+86 567 861 2936,Maggie,Pajaro
Robinson Mapples,24118790,rmapples2k@rediff.com,+7 513 395 4282,Sammy,Gato
Juliette Tremellier,23568090,jtremellier2l@narod.ru,+86 859 447 9088,Chloe,Pez
Ibby Rochell,21839646,irochell2m@hp.com,+7 493 853 9966,Bailey,Tortuga
Vincent Pedrick,30260298,vpedrick2n@alexa.com,+46 784 404 9869,Leo,Pajaro
Steffi Frizell,14163908,sfrizell2o@nymag.com,+63 753 178 6202,Duke,Pez
Launce Simeonov,28267799,lsimeonov2p@live.com,+86 100 789 2702,Molly,Conejo
Jourdan O'Shiels,12640501,joshiels2q@g.co,+62 807 289 6313,Lola,Pez
Xenia Pickston,20108612,xpickston2r@tmall.com,+81 907 535 5664,Scout,Pez
Roxie Ivashkov,22922938,rivashkov2s@nba.com,+63 526 320 7874,Sadie,Pajaro
Gwenny Loody,20328202,gloody2t@soup.io,+55 504 742 0501,Gus,Pajaro
Lorie Tunno,18863501,ltunno2u@latimes.com,+86 250 153 3328,Molly,Conejo
Bobby Brace,13664820,bbrace2v@wiley.com,+57 224 169 8621,Ollie,Pajaro
Ward Nutbrown,26634966,wnutbrown2w@washington.edu,+420 861 720 5820,Buddy,Tortuga
Darcie Lobley,18112082,dlobley2x@nsw.gov.au,+84 244 688 1189,Chloe,Conejo
Burlie Coffee,17290982,bcoffee2y@slideshare.net,+380 125 154 8399,Bailey,Pez
Jesse Fonteyne,18846545,jfonteyne2z@hhs.gov,+965 415 568 3829,Daisy,Pajaro
Elga Alans,32326187,ealans30@com.com,+33 403 769 6757,Zoe,Perro
Randolf Deeny,31214185,rdeeny31@mediafire.com,+86 465 691 8851,Pepper,Gato
Levin Hullot,32887616,lhullot32@house.gov,+63 640 187 2099,Chloe,Gato
Alden Greenin,21173123,agreenin33@usnews.com,+254 648 378 0089,Nova,Conejo
Clemmie Tappor,19271342,ctappor34@unesco.org,+86 357 301 4309,Lucy,Pajaro
Culver Stallworth,11735702,cstallworth35@biglobe.ne.jp,+63 376 898 7379,Stella,Pez
Barbabra Gammage,24659643,bgammage36@livejournal.com,+86 812 788 5695,Tucker,Perro
Kasey Mathivet,21493052,kmathivet37@imdb.com,+62 509 192 0810,Coco,Conejo
Cahra Yegorkin,14448970,cyegorkin38@thetimes.co.uk,+86 730 823 5592,Rosie,Tortuga
Odette Arrell,24814981,oarrell39@mysql.com,+62 824 962 3225,Cooper,Tortuga
Kin Dabbes,22493500,kdabbes3a@examiner.com,+62 381 478 6850,Cooper,Huron
Rani Bayfield,18623570,rbayfield3b@yellowpages.com,+30 680 442 1945,Duke,Conejo
Way Boffey,22058010,wboffey3c@usgs.gov,+86 982 760 2048,Jax,Pajaro
Gilberte Tee,11876928,gtee3d@sakura.ne.jp,+86 507 896 6047,Winston,Pez
Sibel Ryman,12690514,sryman3e@miitbeian.gov.cn,+352 974 728 4338,Penny,Gato
Norrie Wyke,25048759,nwyke3f@1und1.de,+55 470 789 3241,Maggie,Conejo
Josh Haselhurst,30232730,jhaselhurst3g@smugmug.com,+370 988 176 2788,Luna,Perro
Faustina Miklem,15293139,fmiklem3h@oaic.gov.au,+86 313 803 6356,Mia,Perro
Sybil Kingshott,23058923,skingshott3i@springer.com,+52 309 269 1577,Nova,Conejo
Worthington Glaysher,26969293,wglaysher3j@smugmug.com,+33 764 149 6068,Milo,Pez
Malinde Fludgate,11502408,mfludgate3k@webs.com,+7 331 688 5845,Riley,Conejo
Adler Braidley,21013388,abraidley3l@webmd.com,+48 392 810 4888,Daisy,Perro
Traci Winchurst,14265605,twinchurst3m@oaic.gov.au,+62 714 299 4059,Buddy,Pajaro
Billye Swarbrigg,20908327,bswarbrigg3n@icq.com,+86 251 123 7862,Max,Perro
Betta Beamand,28759563,bbeamand3o@de.vu,+63 153 145 0543,Gus,Conejo
Jacquenette Bremley,24516959,jbremley3p@infoseek.co.jp,+504 862 102 4849,Harley,Pajaro
Vergil Wheldon,11962157,vwheldon3q@flavors.me,+86 462 547 4357,Sophie,Gato
Poppy Curness,23352054,pcurness3r@about.com,+232 525 227 8413,Buddy,Conejo
Pincus Islip,12647758,pislip3s@linkedin.com,+86 690 970 4054,Ruby,Gato
Ignacio Cliburn,23824904,icliburn3t@google.de,+46 260 506 7499,Winston,Gato
Deni Lavrinov,32155850,dlavrinov3u@arizona.edu,+55 663 345 5233,Milo,Gato
Thedrick Cuttle,13063833,tcuttle3v@constantcontact.com,+86 928 574 5945,Sadie,Pez
Honor Coatts,24204466,hcoatts3w@multiply.com,+86 971 126 5749,Chloe,Huron
Raquela Raddan,31194186,rraddan3x@amazon.co.jp,+81 170 494 9852,Sadie,Tortuga
Fernanda Mayoh,26003839,fmayoh3y@dmoz.org,+62 883 571 3891,Bentley,Huron
Jarib Oldman,24658388,joldman3z@japanpost.jp,+63 687 336 1519,Rosie,Huron
Emerson Maltster,30076032,emaltster40@comcast.net,+55 656 838 1143,Riley,Pajaro
Westbrooke Suddaby,13516442,wsuddaby41@sohu.com,+225 653 903 2390,Ivy,Huron
Pammy Bussetti,20654808,pbussetti42@bloglines.com,+46 602 646 5417,Ollie,Conejo
Jayme Hanby,29013994,jhanby43@cnbc.com,+52 438 565 3974,Nala,Tortuga
Alf Castanho,22695591,acastanho44@cisco.com,+81 887 302 3395,Rosie,Gato
Estrellita Larkins,22041286,elarkins45@networkadvertising.org,+7 832 393 3919,Penny,Pajaro
Margarette Presley,30164743,mpresley46@fda.gov,+506 912 889 3022,Stella,Perro
Gwenette Laite,18522486,glaite47@adobe.com,+52 518 104 3495,Rocky,Pajaro
Cori MacKenny,18432723,cmackenny48@bluehost.com,+55 710 610 6977,Ivy,Gato
Tabina Belson,26313993,tbelson49@nature.com,+380 661 208 4377,Bentley,Pez
Wiatt Berndt,27138344,wberndt4a@angelfire.com,+62 462 295 9661,Molly,Tortuga
Lucine Linton,21249341,llinton4b@ow.ly,+1 697 710 1755,Zeus,Tortuga
Gabie Filyushkin,18436869,gfilyushkin4c@bloglines.com,+86 735 270 2636,Scout,Huron
Jacintha Vasyuchov,19940287,jvasyuchov4d@paypal.com,+86 987 990 4515,Luna,Perro
Wyndham Rosenschein,19368332,wrosenschein4e@is.gd,+86 713 330 0331,Nala,Conejo
Farleigh McCreadie,28790206,fmccreadie4f@yellowbook.com,+351 176 619 3193,Riley,Perro
Angelo Wilderspoon,14070264,awilderspoon4g@arizona.edu,+81 651 823 4042,Scout,Tortuga
Bale Lukins,32730108,blukins4h@jiathis.com,+389 408 847 0576,Ruby,Gato
Dav Gilderoy,32371209,dgilderoy4i@utexas.edu,+63 375 168 6862,Lily,Perro
Vilhelmina McMurty,16119177,vmcmurty4j@google.de,+7 816 329 7222,Rosie,Perro
Fredek Swanbourne,25911963,fswanbourne4k@pagesperso-orange.fr,+62 925 466 3013,Sophie,Pez
Agata Ondrusek,26828281,aondrusek4l@scribd.com,+1 411 635 8653,Tucker,Gato
Camille Chimienti,28170797,cchimienti4m@wp.com,+62 640 259 1389,Charlie,Gato
Fair Marke,21546180,fmarke4n@about.me,+373 141 398 9064,Jax,Pez
Brunhilda Hazle,11161212,bhazle4o@bbc.co.uk,+86 684 171 8793,Maggie,Pez
Penni Arendt,21071996,parendt4p@irs.gov,+234 187 260 3479,Pepper,Gato
Pearl Canero,11925237,pcanero4q@prlog.org,+62 720 522 9638,Rusty,Huron
Alfonso Style,16358636,astyle4r@webmd.com,+48 438 536 6244,Rusty,Pez
Bride Hallin,19332490,bhallin4s@squidoo.com,+7 777 814 7586,Marley,Gato
Freddy Hamments,31259602,fhamments4t@diigo.com,+86 762 665 5309,Willow,Perro
Selene Saleway,17884533,ssaleway4u@nature.com,+98 262 327 9695,Hazel,Tortuga
Teddie Askwith,26878012,taskwith4v@ezinearticles.com,+46 586 537 0580,Molly,Tortuga
Lida Holleworth,18635936,lholleworth4w@plala.or.jp,+62 882 386 6898,Rocky,Perro
Darren Slemming,30017974,dslemming4x@spiegel.de,+86 505 555 4057,Willow,Tortuga
Thornie Khotler,12483008,tkhotler4y@theguardian.com,+86 660 356 1661,Riley,Pez
Liam O'Corren,22071282,locorren4z@prlog.org,+86 579 285 1380,Sadie,Pez
Lisle Kollasch,32069850,lkollasch50@foxnews.com,+591 274 443 4834,Lola,Gato
Raimund Della Scala,17545063,rdella51@github.com,+242 362 387 6274,Stella,Huron
Hadleigh Kearsley,23834688,hkearsley52@deviantart.com,+359 902 346 1801,Buddy,Conejo
Tyne Antonov,28816632,tantonov53@upenn.edu,+51 198 715 9443,Ollie,Perro
Emlyn Cattlemull,29873990,ecattlemull54@reddit.com,+86 894 415 8492,Nala,Perro
Joseito Tidgewell,15174543,jtidgewell55@miibeian.gov.cn,+84 323 963 5303,Sophie,Conejo
Annelise Dransfield,13100101,adransfield56@yellowbook.com,+63 236 954 0734,Chloe,Tortuga
Lissy Pickrell,23222119,lpickrell57@howstuffworks.com,+420 204 708 6948,Mia,Gato
Shelley Lummasana,25922015,slummasana58@washingtonpost.com,+86 321 366 2890,Gus,Gato
Kip Unwin,16299560,kunwin59@imageshack.us,+351 651 728 9245,Stella,Huron
Addison Marrow,29844631,amarrow5a@tinypic.com,+33 674 260 7575,Max,Pajaro
Dominique Ivashin,27456526,divashin5b@wufoo.com,+62 517 855 6415,Ollie,Pez
Sadie Hennemann,16787088,shennemann5c@ovh.net,+54 514 489 2966,Daisy,Huron
Xever Maddyson,31458870,xmaddyson5d@spiegel.de,+94 719 435 0816,Penny,Pez
Leopold Gillicuddy,22480135,lgillicuddy5e@ovh.net,+351 172 596 0581,Sophie,Gato
Adolf Bewfield,31581527,abewfield5f@businessinsider.com,+86 489 799 6171,Nala,Huron
Hillery Bertenshaw,24344993,hbertenshaw5g@cam.ac.uk,+81 161 775 5457,Lily,Gato
Konstanze McGillecole,30928032,kmcgillecole5h@indiatimes.com,+52 365 623 4941,Bella,Perro
Yancey Uc,29688350,yuc5i@ebay.co.uk,+62 465 835 7226,Luna,Huron
Aime Dusting,14920945,adusting5j@jugem.jp,+86 129 772 7280,Coco,Pez
Dido Ternent,22408690,dternent5k@i2i.jp,+86 736 708 7922,Tucker,Huron
Debra Soame,14759285,dsoame5l@smugmug.com,+52 991 317 7904,Charlie,Conejo
Hestia Dashkov,25624832,hdashkov5m@vimeo.com,+55 559 323 6668,Hazel,Conejo
Meade Mallindine,11298636,mmallindine5n@unblog.fr,+63 993 482 7647,Ollie,Gato
Gisele Pattrick,27501189,gpattrick5o@themeforest.net,+420 440 743 6576,Rusty,Conejo
Drusi Conor,11882209,dconor5p@psu.edu,+63 112 522 5790,Willow,Huron
Joellen Alloway,14533793,jalloway5q@a8.net,+48 343 573 5364,Ivy,Conejo
Baron Vampouille,27851810,bvampouille5r@nyu.edu,+55 948 714 3534,Sophie,Huron
Moira Weedenburg,22884338,mweedenburg5s@squarespace.com,+965 172 769 7110,Finn,Pez
Krisha Duplock,30921391,kduplock5t@jigsy.com,+48 610 847 6400,Duke,Pez
Kiah Davidi,14851237,kdavidi5u@sohu.com,+36 289 906 6938,Lily,Tortuga
Terrell Norrington,24258859,tnorrington5v@usa.gov,+357 340 303 8271,Jax,Pez
Thaddeus Eldered,30870911,teldered5w@theguardian.com,+351 471 174 1045,Harley,Tortuga
Arnold Gerrell,18455505,agerrell5x@gravatar.com,+46 471 312 3136,Luna,Pez
Ewart Lattos,18195434,elattos5y@icio.us,+212 306 253 6139,Nala,Perro
Briggs Berlin,22100144,bberlin5z@mac.com,+31 255 435 5780,Hazel,Conejo
La verne Aloigi,28157865,lverne60@mtv.com,+32 228 300 3177,Oliver,Conejo
Ringo Rustidge,16778351,rrustidge61@weebly.com,+86 532 736 1933,Lucy,Gato
Sayers Bloom,19691581,sbloom62@uiuc.edu,+54 853 877 6820,Sadie,Pez
Nonnah Vink,27063475,nvink63@businessinsider.com,+502 652 614 1213,Rusty,Tortuga
Benji Dear,15337265,bdear64@shinystat.com,+63 631 662 6361,Rocky,Perro
Joshua Ivasechko,21896845,jivasechko65@instagram.com,+7 922 985 0373,Chloe,Pez
Marion Hilldrup,31963483,mhilldrup66@un.org,+46 370 788 4929,Sammy,Huron
Dee dee Melville,25282004,ddee67@home.pl,+86 308 918 2570,Willow,Perro
Luella Booton,18981222,lbooton68@qq.com,+234 947 122 2175,Gus,Gato
Dulcia Loveridge,32785660,dloveridge69@addtoany.com,+420 539 204 1070,Bear,Conejo
Jeremiah Spall,30877798,jspall6a@skype.com,+64 943 852 0950,Bailey,Huron
Werner Eastwell,15309612,weastwell6b@miibeian.gov.cn,+81 541 561 7103,Rusty,Gato
Vladamir O'Feeney,30117755,vofeeney6c@sitemeter.com,+1 704 418 3550,Bella,Gato
Sonya Mazella,20083524,smazella6d@businessinsider.com,+7 967 288 1835,Stella,Tortuga
Becka Cammomile,24278501,bcammomile6e@shareasale.com,+358 662 773 0642,Riley,Conejo
Amalea Kimbury,18113748,akimbury6f@mashable.com,+86 668 959 2913,Milo,Tortuga
Sybil MacKaig,17640148,smackaig6g@scientificamerican.com,+62 224 957 1952,Scout,Tortuga
Hildagarde Barhams,19118265,hbarhams6h@123-reg.co.uk,+62 847 363 7125,Rosie,Gato
Ronny De Beauchamp,32770778,rde6i@bbb.org,+1 854 752 7783,Bear,Perro
Joly Barbosa,21456701,jbarbosa6j@columbia.edu,+7 583 232 0675,Bailey,Pez
Linnet Carbonell,14408326,lcarbonell6k@digg.com,+86 760 627 0863,Leo,Huron
Mallory Didsbury,21922596,mdidsbury6l@usnews.com,+55 296 937 4117,Ruby,Pez
Wakefield Derx,22922398,wderx6m@latimes.com,+55 639 370 3759,Finn,Conejo
Gibb Abeau,23095046,gabeau6n@columbia.edu,+86 431 640 9777,Lola,Tortuga
Emilio Planks,14740784,eplanks6o@pagesperso-orange.fr,+62 105 833 9079,Daisy,Huron
Lil Wolfer,28176211,lwolfer6p@merriam-webster.com,+86 625 682 5520,Nova,Tortuga
Ferdie Bezants,30424299,fbezants6q@washingtonpost.com,+351 836 183 5168,Penny,Perro
Saunder Tutin,20494041,stutin6r@tinypic.com,+63 654 514 3517,Cooper,Perro
Ollie Flips,28309667,oflips6s@ted.com,+86 814 873 7377,Harley,Pajaro
Margery Tenant,15344221,mtenant6t@ed.gov,+7 134 753 5191,Bentley,Pajaro
Whitby Chesher,18437811,wchesher6u@fema.gov,+86 168 742 4562,Riley,Pez
Ulysses Febry,15144432,ufebry6v@artisteer.com,+62 731 336 0688,Chloe,Tortuga
Kamillah Dmitriev,32381852,kdmitriev6w@geocities.com,+30 959 473 7224,Leo,Conejo
Devon Critchard,22060242,dcritchard6x@homestead.com,+86 568 696 9845,Winston,Huron
Flossi Cockshot,14628464,fcockshot6y@bandcamp.com,+383 648 500 0280,Hazel,Perro
Kev Yurkov,15591490,kyurkov6z@google.com.au,+33 108 351 0504,Lucy,Pajaro
Jedediah Bea,25903243,jbea70@hao123.com,+351 882 787 2979,Zeus,Perro
Jarad Pavkovic,12197488,jpavkovic71@lulu.com,+358 589 389 1303,Willow,Pez
Euphemia McAlester,19079017,emcalester72@godaddy.com,+254 220 982 8926,Molly,Perro
Nicko Cawley,18775663,ncawley73@sfgate.com,+62 549 761 1733,Bella,Perro
Salvatore Dunkley,23509452,sdunkley74@jiathis.com,+86 578 854 2341,Rocky,Huron
Lula Billanie,20438655,lbillanie75@blogtalkradio.com,+52 176 917 6500,Ivy,Conejo
Rosaleen Beddall,14145576,rbeddall76@g.co,+86 139 326 8474,Zoe,Tortuga
Frankie Millichip,26660990,fmillichip77@yandex.ru,+57 578 391 9195,Leo,Huron
Trstram Blanc,27933268,tblanc78@sitemeter.com,+380 893 293 4516,Milo,Pajaro
Herschel Scotney,23840207,hscotney79@cpanel.net,+46 886 292 8993,Nova,Conejo
Artus Byfield,22112317,abyfield7a@amazonaws.com,+62 118 924 9292,Ruby,Conejo
Carlyle Belbin,30205266,cbelbin7b@wikimedia.org,+62 482 840 9694,Max,Pajaro
Amelina Nuemann,17728383,anuemann7c@wisc.edu,+62 564 950 8021,Milo,Huron
Nixie Gettens,31494463,ngettens7d@bing.com,+86 719 328 6120,Daisy,Perro
Paige Goathrop,11231592,pgoathrop7e@sciencedirect.com,+86 499 276 2797,Rusty,Huron
Pearle Golden,32479674,pgolden7f@miibeian.gov.cn,+86 296 505 2441,Sammy,Pez
Gabrielle Kennedy,29867529,gkennedy7g@t-online.de,+66 254 775 5670,Molly,Gato
Celesta Ferreri,28563951,cferreri7h@ifeng.com,+31 133 258 6683,Nala,Tortuga
Kippie Biner,15727560,kbiner7i@bandcamp.com,+81 404 660 9734,Zoe,Gato
Willy Sives,13166166,wsives7j@whitehouse.gov,+387 418 974 0497,Cooper,Conejo
Farris Trudgion,24608061,ftrudgion7k@so-net.ne.jp,+385 329 795 0956,Leo,Tortuga
Guillaume Ginni,23868221,gginni7l@wix.com,+55 398 657 8038,Bentley,Conejo
Vinnie Audibert,24822243,vaudibert7m@alibaba.com,+1 165 922 6642,Lola,Pez
Alford Snowden,26658207,asnowden7n@vk.com,+30 205 775 1750,Leo,Gato
Archer Sargeaunt,30441739,asargeaunt7o@ameblo.jp,+81 521 650 3526,Nova,Gato
Brigitta Paolotto,11258362,bpaolotto7p@hibu.com,+216 862 655 5440,Jax,Perro
Ruby Yo,22980334,ryo7q@walmart.com,+31 370 668 8683,Gus,Pez
Mahalia Garman,14133010,mgarman7r@arstechnica.com,+420 507 300 9207,Harley,Huron
Johnette Hevey,20118601,jhevey7s@liveinternet.ru,+54 286 928 3749,Stella,Pez
Crista Antoszczyk,23235399,cantoszczyk7t@unicef.org,+234 174 286 9951,Luna,Huron
Charmian Fonso,26032556,cfonso7u@ca.gov,+264 840 981 2249,Riley,Gato
Janine Sarfass,13961644,jsarfass7v@geocities.com,+52 911 692 3649,Marley,Pajaro
Marthena Feige,22480628,mfeige7w@europa.eu,+93 649 194 1628,Bentley,Conejo
Misha Porte,20532314,mporte7x@ihg.com,+234 892 531 1670,Harley,Conejo
Sheilah Bath,30618465,sbath7y@flavors.me,+57 385 796 5787,Zoe,Pez
Kamillah Budik,31616864,kbudik7z@wufoo.com,+52 863 194 9146,Sadie,Conejo
Becca Larter,17773586,blarter80@soup.io,+48 176 167 0905,Nova,Huron
Arlee Bengoechea,18027024,abengoechea81@twitter.com,+63 934 574 3187,Ivy,Tortuga
Humfried Millins,13830922,hmillins82@comcast.net,+33 201 301 6446,Max,Pez
Florida Circuitt,20195564,fcircuitt83@theatlantic.com,+84 393 168 4329,Rusty,Huron
Jeannine Hasely,18571850,jhasely84@odnoklassniki.ru,+48 886 596 4091,Lily,Gato
Cris Extence,15170735,cextence85@google.it,+62 672 122 7934,Bentley,Conejo
Mandi Redfearn,19225398,mredfearn86@facebook.com,+86 420 185 5717,Sammy,Huron
Zorine Billett,18439968,zbillett87@google.ru,+1 884 552 3893,Charlie,Gato
Wilma Mazey,16378026,wmazey88@wikimedia.org,+7 604 487 8109,Max,Tortuga
Hervey Huggen,22582738,hhuggen89@ocn.ne.jp,+46 545 698 6770,Penny,Pajaro
Vasilis Sondland,22568675,vsondland8a@qq.com,+86 141 164 7731,Zoe,Conejo
Nananne Dilloway,15871201,ndilloway8b@tinyurl.com,+506 278 210 2360,Zoe,Huron
Burl Paige,27869864,bpaige8c@wired.com,+62 642 261 0039,Stella,Pez
Malissa Bridgen,15508131,mbridgen8d@xing.com,+502 422 622 2720,Milo,Tortuga
Lelia Scantlebury,22664943,lscantlebury8e@wikia.com,+380 993 693 9232,Zeus,Gato
Quintin Leathwood,24320634,qleathwood8f@qq.com,+62 291 546 0897,Max,Huron
Carroll Castells,28040433,ccastells8g@oaic.gov.au,+62 233 484 2277,Molly,Gato
Jaimie Osment,32939419,josment8h@rediff.com,+86 679 598 8242,Max,Conejo
Rozalie Hub,32504119,rhub8i@geocities.jp,+232 196 371 7923,Lily,Pez
Hatty Kumaar,27137350,hkumaar8j@ameblo.jp,+55 975 203 4832,Ollie,Gato
Tommy Morley,18735939,tmorley8k@squidoo.com,+1 210 779 7691,Lola,Conejo
Ashlie Seydlitz,31037654,aseydlitz8l@house.gov,+962 804 872 0515,Milo,Pajaro
Gates Lathom,15510458,glathom8m@phoca.cz,+46 614 712 4441,Winston,Pajaro
Justine Stockoe,13670914,jstockoe8n@topsy.com,+380 826 457 7809,Duke,Conejo
Mandi Allabarton,29447906,mallabarton8o@oakley.com,+507 698 918 0801,Zoe,Pajaro
Amalea Kubica,14958368,akubica8p@paypal.com,+63 454 872 0863,Marley,Perro
Michaela Jurick,16315722,mjurick8q@dell.com,+52 176 383 5426,Zeus,Gato
Rinaldo Downie,15629728,rdownie8r@oakley.com,+216 801 118 6822,Penny,Pez
Stanislaw Trouncer,31774612,strouncer8s@google.cn,+86 870 698 7384,Rocky,Pajaro
Aldin Cumberpatch,16271131,acumberpatch8t@histats.com,+62 901 643 1204,Stella,Tortuga
Bernardo Ibanez,18178310,bibanez8u@tmall.com,+86 621 439 7523,Bailey,Perro
Sanford Camilleri,14567247,scamilleri8v@bandcamp.com,+55 481 832 1963,Buddy,Perro
Euphemia Ruppel,23824764,eruppel8w@amazon.com,+506 656 401 7205,Sammy,Tortuga
Chelsey Ropcke,22518366,cropcke8x@zimbio.com,+93 871 315 6833,Willow,Perro
Ole Chiswell,28261531,ochiswell8y@opensource.org,+62 653 999 8353,Pepper,Gato
Odelia Raulin,16030281,oraulin8z@hud.gov,+7 483 203 7491,Jax,Pez
Lauren Mithon,24823659,lmithon90@jugem.jp,+57 186 920 3233,Chloe,Huron
Don Brand-Hardy,28494235,dbrandhardy91@wunderground.com,+48 285 533 0392,Nova,Gato
Teddy Cram,30855269,tcram92@umich.edu,+592 624 332 2542,Nala,Tortuga
Akim Doby,26303862,adoby93@cargocollective.com,+86 459 966 5498,Harley,Perro
Annecorinne Hilldrup,11300137,ahilldrup94@amazon.com,+48 544 148 9184,Bentley,Pajaro
Ivar Bogaert,14781685,ibogaert95@nps.gov,+507 307 438 2533,Charlie,Pajaro
Dore Berkowitz,20744763,dberkowitz96@pinterest.com,+380 884 505 4755,Sadie,Perro
Constantine Arboine,14001497,carboine97@theglobeandmail.com,+81 718 284 3771,Nala,Tortuga
Marybelle Northbridge,13888929,mnorthbridge98@economist.com,+51 757 890 1970,Bailey,Huron
Fremont Hathwood,28595669,fhathwood99@tuttocitta.it,+375 325 384 4092,Milo,Gato
Jdavie Tebbett,12954265,jtebbett9a@shareasale.com,+353 858 774 2580,Zeus,Conejo
Susanetta Gerring,13497103,sgerring9b@redcross.org,+86 458 695 7753,Chloe,Pez
Thomasa Alleway,20318684,talleway9c@4shared.com,+351 211 388 9052,Daisy,Gato
Cristin Rayworth,13802004,crayworth9d@tinyurl.com,+62 706 782 3192,Rocky,Pez
Ricoriki Brickell,11581331,rbrickell9e@nih.gov,+267 197 252 6507,Cooper,Pajaro
Patrick Gadault,20821241,pgadault9f@telegraph.co.uk,+7 514 193 4147,Bear,Conejo
Austine Pleass,27625078,apleass9g@people.com.cn,+7 856 993 5219,Sadie,Pez
Susanna Wethered,15859864,swethered9h@wordpress.org,+62 645 574 3808,Lily,Pez
Sidonnie Cattellion,28014859,scattellion9i@nsw.gov.au,+63 150 626 7611,Marley,Huron
Wilmette Probert,29169135,wprobert9j@is.gd,+381 247 529 3017,Zoe,Gato
Esme Henstridge,20668495,ehenstridge9k@arstechnica.com,+502 221 191 2903,Leo,Perro
Caitrin Klaffs,22714054,cklaffs9l@baidu.com,+55 341 713 1041,Harley,Perro
Hort Lemerle,15666729,hlemerle9m@hostgator.com,+82 811 915 4095,Zeus,Perro
Nollie Beynke,23302398,nbeynke9n@nhs.uk,+351 253 287 6319,Daisy,Huron
Maxine Rickeard,18925446,mrickeard9o@pinterest.com,+81 140 308 2232,Lola,Perro
Arluene Bertin,16629147,abertin9p@google.com.br,+7 734 117 5699,Bella,Conejo
Talbot Leggan,25944395,tleggan9q@usnews.com,+62 360 600 3782,Nova,Pez
Cheslie Negro,29860915,cnegro9r@furl.net,+62 456 245 3445,Harley,Pajaro
Adara Gidney,28531887,agidney9s@google.com.br,+55 746 266 1480,Bentley,Pajaro
Darci Aysh,11617932,daysh9t@barnesandnoble.com,+357 465 432 6330,Lily,Tortuga
Sandye Caldero,26278260,scaldero9u@4shared.com,+86 434 735 4434,Mia,Gato
Natividad Lennox,22658922,nlennox9v@usatoday.com,+249 861 477 3964,Lola,Gato
Phillipe Stinson,13072006,pstinson9w@uol.com.br,+355 995 921 5472,Ollie,Tortuga
Mathilde Muscott,18047533,mmuscott9x@bloomberg.com,+62 449 578 8418,Bentley,Gato
Rosaleen Wagnerin,18692250,rwagnerin9y@mit.edu,+62 924 755 4441,Chloe,Tortuga
Cyndie Terbruggen,25794917,cterbruggen9z@fda.gov,+63 502 920 1675,Sadie,Pez
Roley MacAlpine,31346835,rmacalpinea0@chicagotribune.com,+506 234 937 0279,Sammy,Perro
Jesus Pimlett,16090979,jpimletta1@fastcompany.com,+1 718 751 6556,Luna,Conejo
Jacklin Yezafovich,23139499,jyezafovicha2@quantcast.com,+33 961 953 8064,Nala,Conejo
Hannie Kinnerk,13220491,hkinnerka3@qq.com,+374 622 916 8156,Scout,Pajaro
Tait Beloe,26692973,tbeloea4@census.gov,+351 750 373 4591,Nala,Tortuga
Anabelle Vaun,32177202,avauna5@blogtalkradio.com,+86 916 770 5903,Willow,Pez
Cale Lumox,11821749,clumoxa6@tiny.cc,+502 355 588 3030,Nova,Pez
Yule McCourtie,28875126,ymccourtiea7@abc.net.au,+1 793 432 3158,Jax,Tortuga
Addy Fenelow,30200906,afenelowa8@businessinsider.com,+56 967 333 8822,Rocky,Huron
Bili Wooland,27997589,bwoolanda9@quantcast.com,+86 344 857 2893,Pepper,Perro
Damian Mingey,32068933,dmingeyaa@so-net.ne.jp,+351 848 184 1363,Sammy,Pez
Erica Impson,25508919,eimpsonab@statcounter.com,+351 217 766 6373,Oliver,Pajaro
Hannah Cosbey,20178325,hcosbeyac@cloudflare.com,+355 761 428 4740,Sophie,Huron
Jo ann Middlemist,12353567,jannad@xinhuanet.com,+86 588 706 4811,Maggie,Perro
Freddie London,17662066,flondonae@multiply.com,+33 743 171 0717,Sophie,Perro
Mamie Whitham,19049293,mwhithamaf@themeforest.net,+242 847 624 3068,Max,Pez
Napoleon Jendas,17215928,njendasag@drupal.org,+420 179 720 5650,Marley,Huron
Leonid Boissieux,27930392,lboissieuxah@sourceforge.net,+63 593 767 9127,Rosie,Huron
Emmott Cowerd,17137773,ecowerdai@ow.ly,+86 481 580 3518,Bear,Tortuga
Geralda Nodes,11065971,gnodesaj@virginia.edu,+86 523 610 1453,Cooper,Gato
Colet McConachie,14717416,cmcconachieak@furl.net,+31 204 648 8239,Riley,Tortuga
Alfred Bendtsen,27586881,abendtsenal@reuters.com,+351 753 955 2088,Lucy,Gato
De Cullivan,21350070,dcullivanam@cdbaby.com,+261 698 373 3983,Maggie,Conejo
Munmro Jerams,15233196,mjeramsan@ustream.tv,+370 987 457 8808,Winston,Gato
Nickie Scurr,18353750,nscurrao@ehow.com,+86 439 926 7027,Sophie,Conejo
Laurena Buckam,29005815,lbuckamap@auda.org.au,+351 946 318 8726,Rocky,Huron
Smitty Harnott,26766473,sharnottaq@ucla.edu,+93 230 262 5413,Sammy,Pez
Lolita Goldfinch,14610501,lgoldfinchar@nps.gov,+63 878 281 2681,Marley,Conejo
Salmon Muzzillo,13587965,smuzzilloas@gravatar.com,+57 239 479 3647,Oliver,Pajaro
Jilli Jenkins,29168542,jjenkinsat@state.tx.us,+62 558 636 3407,Rocky,Perro
Pattin Dudding,27802830,pduddingau@bbc.co.uk,+86 471 943 7260,Zoe,Gato
Findley Yegorovnin,17578484,fyegorovninav@salon.com,+1 408 549 3298,Marley,Perro
Jonathan Nussey,26920428,jnusseyaw@biblegateway.com,+86 245 535 1261,Leo,Tortuga
Nealon Rizzardini,26371711,nrizzardiniax@cbc.ca,+86 316 820 0730,Harley,Conejo
Davy Playford,31342223,dplayforday@123-reg.co.uk,+62 584 371 5644,Jax,Perro
Billy Ettels,16866321,bettelsaz@squarespace.com,+46 747 104 3186,Nova,Conejo
Cicely Beal,31970949,cbealb0@jugem.jp,+420 279 583 6000,Willow,Perro
Hollyanne Tuther,22358259,htutherb1@miibeian.gov.cn,+86 991 354 7037,Finn,Pez
Yankee Duke,20085189,ydukeb2@histats.com,+61 208 338 7250,Daisy,Perro
Claribel Jagielski,28024257,cjagielskib3@mysql.com,+504 402 351 0712,Jax,Gato
Terence Leaman,11552013,tleamanb4@tinyurl.com,+55 743 298 3304,Oliver,Conejo
Orlando Pedrozzi,17162371,opedrozzib5@myspace.com,+63 321 126 4011,Nova,Huron
Tammara Cornelissen,22490104,tcornelissenb6@tamu.edu,+57 518 736 6394,Milo,Tortuga
Desmond Da Costa,19585304,ddab7@howstuffworks.com,+62 475 807 3882,Bentley,Gato
Hubert Ayscough,28203554,hayscoughb8@tmall.com,+86 711 275 9962,Nova,Perro
Tymothy Lakey,17868776,tlakeyb9@360.cn,+256 906 735 8483,Jax,Huron
Kristine Antonacci,19480704,kantonacciba@is.gd,+507 836 989 4861,Oliver,Gato
Krisha Mottley,23423676,kmottleybb@cdbaby.com,+351 852 232 0805,Milo,Perro
Harriott Bergstrand,15581609,hbergstrandbc@stanford.edu,+81 767 914 3218,Finn,Tortuga
Vincenz Chowne,12969054,vchownebd@wsj.com,+593 199 438 3993,Maggie,Perro
Jedd Robus,11583327,jrobusbe@phpbb.com,+967 134 466 0662,Penny,Perro
Lissy Luc,27319725,llucbf@scientificamerican.com,+1 217 874 4752,Jax,Pez
Remus Fissenden,26751341,rfissendenbg@state.tx.us,+86 300 132 9677,Ivy,Pajaro
Stirling Hanna,29894009,shannabh@etsy.com,+385 123 727 6639,Ruby,Pajaro
Cyndia Smalley,14585469,csmalleybi@simplemachines.org,+52 717 108 0351,Rosie,Perro
Junia Gartland,18018349,jgartlandbj@sciencedaily.com,+386 202 351 8578,Nova,Tortuga
Susette Gosnoll,23411658,sgosnollbk@comcast.net,+55 209 906 2452,Sophie,Perro
Loydie Armistead,21033668,larmisteadbl@oracle.com,+86 332 459 5761,Lola,Huron
Gizela McGillicuddy,17659306,gmcgillicuddybm@sbwire.com,+387 102 520 5423,Winston,Pajaro
Tabina Balden,16606227,tbaldenbn@tuttocitta.it,+1 946 688 6005,Rocky,Pez
Hugh Erickson,16234138,hericksonbo@marriott.com,+92 711 237 5647,Zeus,Conejo
Fitzgerald Swann,20310820,fswannbp@ucla.edu,+86 696 252 2741,Sophie,Pez
Donavon Schustl,16683221,dschustlbq@geocities.com,+351 695 434 0244,Zeus,Perro
Allx Mattam,14835261,amattambr@furl.net,+48 210 339 9098,Gus,Pajaro
Sari Lune,15085829,slunebs@comcast.net,+63 902 657 8008,Hazel,Perro
Mame Aldie,23377703,maldiebt@xing.com,+1 700 715 4692,Willow,Pez
Maurine Eversfield,16727800,meversfieldbu@ftc.gov,+375 957 973 3523,Rusty,Pez
Reube Grahlman,19160304,rgrahlmanbv@apache.org,+66 836 937 9188,Nala,Huron
Julia Flaunier,24880575,jflaunierbw@ycombinator.com,+33 424 139 0343,Stella,Conejo
Avis Chinge de Hals,12830725,achingebx@japanpost.jp,+30 701 246 6226,Daisy,Pez
Nikos Mohammed,13019183,nmohammedby@elpais.com,+86 175 706 4929,Ollie,Gato
Dulcy Brewer,11212084,dbrewerbz@squidoo.com,+86 510 394 5524,Sammy,Huron
Maure Killeley,27179034,mkilleleyc0@businessweek.com,+62 746 235 2314,Harley,Conejo
Louise Stathor,16428124,lstathorc1@marketwatch.com,+62 937 480 1907,Ivy,Conejo
Gallagher Shreenan,22536901,gshreenanc2@discuz.net,+7 567 644 3127,Pepper,Tortuga
Aldis Bartolijn,24573379,abartolijnc3@mozilla.com,+86 815 836 0610,Penny,Conejo
Ellis McCreath,13553709,emccreathc4@a8.net,+62 645 258 9122,Oliver,Pajaro
Junette Servis,20800010,jservisc5@psu.edu,+965 345 775 3826,Bailey,Pez
Christabella Comusso,15456432,ccomussoc6@accuweather.com,+48 445 819 8412,Finn,Conejo
Quillan Thing,31837343,qthingc7@ezinearticles.com,+86 237 900 1925,Stella,Tortuga
Steve Borer,28946949,sborerc8@domainmarket.com,+353 535 454 4454,Ollie,Pajaro
Elene Vickerstaff,14231978,evickerstaffc9@multiply.com,+84 643 917 8484,Rusty,Huron
Peria Lebarree,16091573,plebarreeca@sohu.com,+31 171 389 9292,Zeus,Perro
Bernita Cornilleau,16656381,bcornilleaucb@imgur.com,+86 727 576 1820,Duke,Pajaro
Shea Ramsdell,27776183,sramsdellcc@yellowpages.com,+55 326 764 8900,Rosie,Pez
Silvia Crose,12758662,scrosecd@opera.com,+31 284 571 0519,Rosie,Gato
Rockey Hoyte,11069379,rhoytece@flavors.me,+351 930 651 9174,Willow,Conejo
Rolph Duignan,32421679,rduignancf@about.com,+7 765 388 6820,Willow,Pajaro
Jocelyne Davidovicz,19792163,jdavidoviczcg@imgur.com,+372 187 984 0426,Finn,Perro
Doris Aupol,17996401,daupolch@usnews.com,+63 925 866 6410,Marley,Pez
Genevra Newlands,15366718,gnewlandsci@elpais.com,+269 550 275 3090,Ruby,Pez
Dagmar Prout,11470905,dproutcj@pinterest.com,+81 242 296 7132,Nala,Pajaro
Ludvig Aaronsohn,17079308,laaronsohnck@samsung.com,+63 571 808 6805,Molly,Huron
Kaylee Winters,29530617,kwinterscl@surveymonkey.com,+86 827 108 1920,Stella,Huron
Carmelle Fruchter,27962429,cfruchtercm@sourceforge.net,+66 939 403 4676,Rocky,Gato
Nestor Van Der Hoog,31335342,nvancn@engadget.com,+86 790 222 5798,Luna,Pajaro
Marigold McRavey,23684447,mmcraveyco@csmonitor.com,+86 709 531 2025,Daisy,Gato
Josias Gozzard,19080937,jgozzardcp@4shared.com,+62 894 828 3535,Ivy,Pajaro
Kelila Morey,31572147,kmoreycq@fotki.com,+351 121 373 8091,Finn,Tortuga
Mic Saffle,18346159,msafflecr@cargocollective.com,+86 318 332 8136,Scout,Perro
Melisenda Vedntyev,32722455,mvedntyevcs@google.com,+996 297 955 0621,Lily,Huron
Stinky Peppard,28371288,speppardct@boston.com,+1 513 903 5136,Gus,Pajaro
Toni Shaddick,16429658,tshaddickcu@whitehouse.gov,+61 953 299 1577,Marley,Tortuga
Alvinia Ayton,19194276,aaytoncv@scribd.com,+1 254 171 3002,Nala,Conejo
Blanca Dyas,11777333,bdyascw@wikia.com,+385 893 640 2621,Lily,Pajaro
Dulcia Reeson,26992794,dreesoncx@hp.com,+261 623 201 9605,Max,Pajaro
Doe Barlace,15863379,dbarlacecy@vinaora.com,+55 181 571 4175,Buddy,Pajaro
Pierce Danbury,21943068,pdanburycz@discuz.net,+53 347 239 6883,Jax,Pajaro
Shell Rayner,26876137,sraynerd0@admin.ch,+7 589 808 2809,Daisy,Tortuga
Pearle Ollerearnshaw,28039251,pollerearnshawd1@washingtonpost.com,+7 844 311 3253,Tucker,Huron
Krissy Bartosinski,22270963,kbartosinskid2@reuters.com,+63 889 342 1199,Nova,Huron
Godfrey Cartlidge,18485726,gcartlidged3@list-manage.com,+380 331 708 3892,Zeus,Conejo
Kristen Brunskill,13169619,kbrunskilld4@hibu.com,+46 922 694 2004,Bentley,Gato
Paquito Bryning,11131286,pbryningd5@hao123.com,+351 748 521 2949,Sadie,Pez
Lolita Berthel,16199163,lbertheld6@sun.com,+1 206 410 7690,Winston,Huron
Bill Kittel,14501791,bkitteld7@gmpg.org,+56 730 425 1185,Willow,Conejo
Ansley Wozencraft,24846344,awozencraftd8@taobao.com,+1 367 574 6881,Milo,Perro
Dionysus Vosper,17215730,dvosperd9@yahoo.co.jp,+62 711 458 2134,Luna,Pez
Redford Kelway,20800595,rkelwayda@163.com,+33 553 857 1772,Bailey,Gato
Gabriela Lawie,11860662,glawiedb@geocities.com,+46 827 488 2830,Willow,Gato
Rosie Nurdin,17876155,rnurdindc@cloudflare.com,+55 920 924 4010,Rosie,Tortuga
Teirtza Bow,20555814,tbowdd@flavors.me,+63 609 833 0298,Bella,Gato
Dasie Cushe,18613873,dcushede@bizjournals.com,+33 696 207 0495,Bailey,Pajaro
Ignace Cain,14955315,icaindf@unblog.fr,+7 904 967 1029,Willow,Pajaro
Hyacintha Nye,13992553,hnyedg@fotki.com,+34 699 357 4210,Oliver,Conejo
Gardie Devany,14453096,gdevanydh@digg.com,+420 787 875 9002,Mia,Conejo
Roberto Petre,11642003,rpetredi@google.com.au,+33 947 892 4652,Stella,Perro
Daisie McGlashan,30553821,dmcglashandj@mediafire.com,+63 486 112 1948,Milo,Perro
Karola Bellworthy,22116719,kbellworthydk@mozilla.org,+1 256 330 7072,Coco,Gato
Robbi Swanborough,20280394,rswanboroughdl@quantcast.com,+62 368 739 0287,Tucker,Huron
Joanne Chevers,14584610,jcheversdm@wix.com,+351 961 796 7876,Zoe,Pez
Adele Varnes,19090141,avarnesdn@xing.com,+353 984 538 5274,Harley,Pajaro
Velvet Cashell,15975490,vcashelldo@mtv.com,+62 610 373 9016,Marley,Gato
Felita McIllrick,26083349,fmcillrickdp@unesco.org,+383 564 262 2735,Lucy,Tortuga
Lindon Northage,19488946,lnorthagedq@un.org,+55 410 300 7987,Nala,Huron
Tailor Caldera,30456711,tcalderadr@indiatimes.com,+7 213 135 2380,Bailey,Tortuga
Annissa Swetenham,14582824,aswetenhamds@smugmug.com,+86 514 121 6112,Sammy,Perro
Kynthia Garnett,25738591,kgarnettdt@nydailynews.com,+216 253 537 5785,Riley,Pajaro
Deidre Quinion,23049957,dquiniondu@princeton.edu,+81 697 951 6230,Buddy,Pajaro
Arron Heyworth,20457567,aheyworthdv@flavors.me,+62 361 599 3632,Nova,Gato
